Organization,Followed On
AWS User Group Kazakhstan,Fri Aug 22 05:53:11 UTC 2025
TSARKA,Sun Jun 15 18:34:37 UTC 2025
RTEAM,Fri Apr 25 06:23:18 UTC 2025
AST Cyber Lab,Fri Apr 25 06:02:11 UTC 2025
Triangle DevSecOps Services,Fri Apr 25 06:01:38 UTC 2025
Code in Place,Wed Apr 16 21:14:26 UTC 2025
Nazarbayev University,Fri Apr 11 08:45:49 UTC 2025
AUTODOC,Wed Apr 09 17:04:49 UTC 2025
Adata.kz,Wed Apr 09 17:03:18 UTC 2025
TechWings,Wed Apr 09 17:02:57 UTC 2025
Social Links,Fri Mar 28 15:12:35 UTC 2025
DevOps,Sun Nov 24 18:09:32 UTC 2024
Abide University,Sun Nov 24 17:59:51 UTC 2024
Almaty Technological University,Fri Nov 08 07:07:05 UTC 2024
E-Finance Center,Sat Aug 03 10:03:01 UTC 2024
Playrix,Mon Sep 25 20:00:11 UTC 2023
Aylo,Mon Sep 25 19:47:19 UTC 2023
MindGeek,Mon Sep 25 19:46:47 UTC 2023
what3words,Mon Jun 19 11:02:58 UTC 2023
invalid15095514,Fri Aug 12 12:40:20 UTC 2022
JumysBar.kz,Wed Sep 29 10:15:22 UTC 2021
IT- компания ONE Technologies,Fri Mar 12 16:29:33 UTC 2021
DAR,Fri Mar 12 16:29:31 UTC 2021
Devs.kz,Fri Mar 12 16:07:14 UTC 2021
Beeline Kazakhstan,Sat Jun 20 08:17:19 UTC 2020
Suleyman Demirel University,Sat Jun 13 11:48:43 UTC 2020