Date/Time,Media Description,Media Link
"You uploaded a document on July 12, 2026 at 10:10 PM (GMT)", -,https://media.licdn.com/dms/image/v2/D4E2DAQHMfCo8zWlpYg/profile-treasury-document-cover-images_1920/B4EZ9YYX_ZJEBE-/0/1783894214250?e=1784660400&v=beta&t=v99yuVofN0eRGy1w_iroTT9G40vA2N047jrbnu8kzHM
"You uploaded a document on July 12, 2026 at 10:10 PM (GMT)", -,https://media.licdn.com/dms/image/v2/D4E2DAQFoi5tcRbUvfw/profile-treasury-document-cover-images_1920/B4EZ9YYX_RIsBE-/0/1783894214179?e=1784660400&v=beta&t=ziv7SiVIqyYKwVG1VAarQqIU1No6WGjZtHiy1iXKeAY
"You uploaded a document on July 12, 2026 at 10:08 PM (GMT)", -,https://media.licdn.com/dms/image/v2/D4E2DAQEyDGSKQ6UYPQ/profile-treasury-document-cover-images_1920/B4EZ9YYFKVHsBE-/0/1783894137232?e=1784660400&v=beta&t=m4P4rKBaLtRhGlZH352SVA_g7ktuEZ4nhdynbgZJliI
"You uploaded a document on July 12, 2026 at 10:08 PM (GMT)", -,https://media.licdn.com/dms/image/v2/D4E2DAQFqdVk2JLqulw/profile-treasury-document-cover-images_1920/B4EZ9YYFPiJgBE-/0/1783894137481?e=1784660400&v=beta&t=ACfK6NLUu01XyUmxqqJXa_13TQ1KaMTxaQ7A4R-J7JE
"You uploaded a document on July 12, 2026 at 10:07 PM (GMT)", -,https://media.licdn.com/dms/image/v2/D4E2DAQEDMSVSKVz26w/profile-treasury-document-cover-images_1920/B4EZ9YXx8RK4BE-/0/1783894058201?e=1784660400&v=beta&t=vldV0qzNJuWSOgwJXggb_yCWcNbz5gtyMKvb6aJ6j04
"You uploaded a document on July 12, 2026 at 10:07 PM (GMT)", -,https://media.licdn.com/dms/image/v2/D4E2DAQHoU_QCX5JQdw/profile-treasury-document-cover-images_1920/B4EZ9YXx8UJYBI-/0/1783894058604?e=1784660400&v=beta&t=VbEs3ya3s2NhQ94cl6_HIXf9y6rTyRYsDNz_nCqDJtY
"You uploaded a document on July 12, 2026 at 10:06 PM (GMT)", -,https://media.licdn.com/dms/image/v2/D4E2DAQGqdVheDdgttA/profile-treasury-document-cover-images_1920/B4EZ9YXajHJIBE-/0/1783893962668?e=1784660400&v=beta&t=43X2rQUtYNFLyDcdDudyagSYoeyKY1GS8HvpHJRmOHQ
"You uploaded a document on July 12, 2026 at 10:06 PM (GMT)", -,https://media.licdn.com/dms/image/v2/D4E2DAQGSApCJ5JX_Eg/profile-treasury-document-cover-images_1920/B4EZ9YXak2IwBE-/0/1783893962502?e=1784660400&v=beta&t=J9DBv2EyC7oAeb-HP7iH9gEW3wV4pAIZetmQAzK3tKM
"You uploaded a document on July 12, 2026 at 10:00 PM (GMT)", -,https://media.licdn.com/dms/image/v2/D4E2DAQFh6d2Wt5bnCw/profile-treasury-document-cover-images_1920/B4EZ9YWGMcKIBE-/0/1783893616935?e=1784660400&v=beta&t=BIUgznozaFp7LIhqx7eYZaWqmj96LrdopgJT9DV1CSQ
"You uploaded a document on July 12, 2026 at 10:00 PM (GMT)", -,https://media.licdn.com/dms/image/v2/D4E2DAQFGtQ6XKIoVwA/profile-treasury-document-cover-images_1920/B4EZ9YWGLZKQBE-/0/1783893616973?e=1784660400&v=beta&t=p5xp8hgi5F7nvJN3336Lm9i_pMHjCYTtZyozivxnGXs
"You uploaded a document on July 12, 2026 at 9:58 PM (GMT)", -,https://media.licdn.com/dms/image/v2/D4E2DAQEsZEsQKv8I0A/profile-treasury-document-cover-images_1920/B4EZ9YVoDbJUBE-/0/1783893493554?e=1784660400&v=beta&t=jd6g5TivAXEuLRxLjsPdQjauKbYWhGM6u4htJaBd9eo
"You uploaded a document on July 12, 2026 at 9:58 PM (GMT)", -,https://media.licdn.com/dms/image/v2/D4E2DAQHwGttUqC8CtA/profile-treasury-document-cover-images_1920/B4EZ9YVoD7IkBE-/0/1783893493708?e=1784660400&v=beta&t=aof2GmtzFycwbhFZOoXYNx6QtGI1LPP84T42GQqtt5E
"You uploaded a document on June 3, 2026 at 10:59 PM (GMT)", -,https://media.licdn.com/dms/document/media/v2/D4D2DAQHYIB5DncRnTw/profile-treasury-document-chunked-pdf/B4DZ6Ptv97GYBU-/0/1780527596744?e=1784660400&v=beta&t=QSUH4YNuirieRlPiJ52gszDl9PQEiqf78jFLzI9ezD4
"You uploaded a document on March 18, 2026 at 12:10 PM (GMT)", -,https://media.licdn.com/dms/document/media/v2/D4D2DAQGbj8jPSAvaCw/profile-treasury-document-chunked-pdf/B4DZ0A2rhPIABY-/0/1773835832215?e=1784660400&v=beta&t=WH1t9G5VcUK9F2RYTqqSmuW00doGAj451F08dbdxlIg
"You uploaded a document on December 8, 2025 at 10:13 AM (GMT)", -,https://media.licdn.com/dms/document/media/v2/D4E2DAQF-QV6Och31cA/profile-treasury-document-chunked-pdf/B4EZr9c4qAKkBY-/0/1765188801823?e=1784660400&v=beta&t=IqSDucVklW_O_EvdLECCVYfIyjkju-oGha5_wNv65Zk
"You uploaded a photo on April 16, 2025 at 9:34 PM (GMT)", -,https://media.licdn.com/dms/image/v2/D4E2DAQHbO8O2iYxOrQ/profile-treasury-image-shrink_8192_8192/B4EZZAhlpsHYAg-/0/1744839269984?e=1784660400&v=beta&t=h1OE8OPx6EZm0_qDyniUEc1NmDCwQm8hNw9P5vY-cxA
"You uploaded a photo on November 28, 2024 at 6:46 PM (GMT)", -,https://media.licdn.com/dms/image/v2/D4E2DAQG-DyQhdtvm3A/profile-treasury-image-shrink_800_800/profile-treasury-image-shrink_800_800/0/1732819584468?e=1784660400&v=beta&t=AI4pfgRWWaxFceYaZLMVrv8izp_rGvsFDH4dg0nTZrg
"You uploaded a photo on November 24, 2024 at 5:59 PM (GMT)", -,https://media.licdn.com/dms/image/v2/D4E2DAQFwypLBH9h-tw/profile-treasury-image-shrink_8192_8192/profile-treasury-image-shrink_8192_8192/0/1732471168997?e=1784660400&v=beta&t=cjUyBZyYmJIpxoBB88zda0VMEPk4_0D-an6KBwnjvOM
"You uploaded a photo on July 5, 2024 at 5:28 PM (GMT)", -,https://media.licdn.com/dms/image/v2/D4E2DAQEkhPAEY2acrw/profile-treasury-image-shrink_8192_8192/profile-treasury-image-shrink_8192_8192/0/1720200589407?e=1784660400&v=beta&t=9o_9xfMvjAAr04KVmuyF8adBpum1nsq4jGEaD4mfZks
"You uploaded a profile background photo on March 12, 2021 at 4:18 PM (GMT)", -,https://media.licdn.com/dms/image/v2/C4D16AQGOnS1O19f_Rw/profile-displaybackgroundimage-shrink_200_800/profile-displaybackgroundimage-shrink_200_800/0/1615565934603?e=1785369600&v=beta&t=2ZTp8CZnSvU05DPt4jTzWD3swnWuC51oObaNRnn2bzc
"You uploaded a profile background photo on March 12, 2021 at 4:18 PM (GMT)", -,https://media.licdn.com/dms/image/v2/C4D04AQEC3MR46d3tWg/profile-originalbackgroundimage-shrink_396_1584/profile-originalbackgroundimage-shrink_396_1584/0/1615565935421?e=1785369600&v=beta&t=EwUuF6fYQHVLM5vtNP88apNeugqCxviBxWXChRw8DqU
"You uploaded a document on March 12, 2021 at 3:54 PM (GMT)", -,https://media.licdn.com/dms/image/v2/C4D2DAQGmw9a5RA0dJA/profile-treasury-document-cover-images_1920/profile-treasury-document-cover-images_1920/0/1615564474271?e=1784660400&v=beta&t=sHXZvGsLHLShxEep4chtmxxXWELzjPzrhOz0_0fdrpI
"You uploaded a profile photo on December 15, 2020 at 9:55 AM (GMT)", -,https://media.licdn.com/dms/image/v2/C5603AQE4TENWaf0_Qw/profile-displayphoto-shrink_100_100/profile-displayphoto-shrink_100_100/0/1608026155037?e=1785369600&v=beta&t=7ul2dWq5RAB1K3VRk26XSkgVWRAuY3l5CyhdTdXHHJg
"You uploaded a profile photo on December 15, 2020 at 9:55 AM (GMT)", -,https://media.licdn.com/dms/image/v2/C5604AQEBFNsPVNswEg/profile-originalphoto-shrink_900_1200/profile-originalphoto-shrink_900_1200/0/1608026156264?e=1785369600&v=beta&t=LwH6NhYBAqvRbrB3YL5zabXWkNap4C7jVhjyib9Qy0U
